RT_data_user_ID,Reaction_Time_ms,Age,Sex
RT_data_user_1,100,17,Male
RT_data_user_2,280,60,Male
RT_data_user_3,142,54,Male
RT_data_user_4,169,35,Female
RT_data_user_5,137,49,Female
RT_data_user_6,243,75,Male
RT_data_user_7,159,32,Female
RT_data_user_8,156,30,Male
RT_data_user_9,263,44,Female
RT_data_user_10,378,61,Female
RT_data_user_11,301,52,Male
RT_data_user_12,214,59,Male
RT_data_user_13,390,33,Male
RT_data_user_14,248,51,Female
RT_data_user_15,323,33,Female
RT_data_user_16,352,73,Female
RT_data_user_17,362,36,Male
RT_data_user_18,315,17,Male
RT_data_user_19,378,54,Female
RT_data_user_20,304,79,Male
RT_data_user_21,383,41,Male
RT_data_user_22,187,30,Male
RT_data_user_23,182,31,Female
RT_data_user_24,154,42,Male
RT_data_user_25,358,38,Female
RT_data_user_26,324,20,Male
RT_data_user_27,377,43,Female
RT_data_user_28,254,68,Female
RT_data_user_29,176,29,Male
RT_data_user_30,228,76,Male
RT_data_user_31,254,67,Male
RT_data_user_32,352,16,Female
RT_data_user_33,291,35,Female
RT_data_user_34,192,70,Female
RT_data_user_35,364,53,Female
RT_data_user_36,215,27,Female
RT_data_user_37,343,28,Female
RT_data_user_38,111,68,Male
RT_data_user_39,289,41,Male
RT_data_user_40,221,41,Female
RT_data_user_41,375,41,Male
RT_data_user_42,168,47,Male
RT_data_user_43,311,14,Female
RT_data_user_44,335,79,Male
RT_data_user_45,368,44,Male
RT_data_user_46,132,67,Female
RT_data_user_47,155,37,Male
RT_data_user_48,245,30,Male
RT_data_user_49,289,59,Male
RT_data_user_50,115,25,Female
RT_data_user_51,375,60,Female
RT_data_user_52,163,61,Male
RT_data_user_53,219,63,Male
RT_data_user_54,250,23,Male
RT_data_user_55,336,57,Male
RT_data_user_56,128,60,Female
RT_data_user_57,290,73,Female
RT_data_user_58,372,52,Male
RT_data_user_59,337,66,Male
RT_data_user_60,204,52,Male
RT_data_user_61,216,76,Female
RT_data_user_62,212,30,Male
RT_data_user_63,141,79,Female
RT_data_user_64,170,28,Male
RT_data_user_65,285,77,Female
RT_data_user_66,259,79,Male
RT_data_user_67,360,33,Male
RT_data_user_68,387,20,Female
RT_data_user_69,334,20,Female
RT_data_user_70,127,29,Male
RT_data_user_71,254,49,Female
RT_data_user_72,151,56,Female
RT_data_user_73,189,19,Male
RT_data_user_74,390,36,Male
RT_data_user_75,303,44,Male
RT_data_user_76,218,74,Male
RT_data_user_77,241,11,Male
RT_data_user_78,215,54,Female
RT_data_user_79,114,67,Male
RT_data_user_80,259,59,Female
RT_data_user_81,118,22,Male
RT_data_user_82,150,31,Male
RT_data_user_83,320,49,Female
RT_data_user_84,150,38,Male
RT_data_user_85,249,11,Male
RT_data_user_86,370,23,Male
RT_data_user_87,109,19,Female
RT_data_user_88,313,41,Male
RT_data_user_89,292,41,Female
RT_data_user_90,208,33,Male
RT_data_user_91,114,58,Female
RT_data_user_92,293,49,Male
RT_data_user_93,221,24,Male
RT_data_user_94,363,33,Female
RT_data_user_95,321,32,Female
RT_data_user_96,201,43,Male
RT_data_user_97,221,70,Female
RT_data_user_98,165,66,Female
RT_data_user_99,227,45,Female
RT_data_user_100,371,15,Female
RT_data_user_101,227,67,Male
RT_data_user_102,334,19,Male
RT_data_user_103,143,69,Male
RT_data_user_104,166,10,Male
RT_data_user_105,205,45,Female
RT_data_user_106,254,48,Female
RT_data_user_107,274,34,Male
RT_data_user_108,154,78,Male
RT_data_user_109,395,60,Male
RT_data_user_110,358,47,Male
RT_data_user_111,106,44,Male
RT_data_user_112,175,50,Female
RT_data_user_113,359,54,Female
RT_data_user_114,136,71,Female
RT_data_user_115,213,25,Male
RT_data_user_116,124,62,Male
RT_data_user_117,341,35,Female
RT_data_user_118,174,17,Female
RT_data_user_119,306,60,Female
RT_data_user_120,349,48,Male
RT_data_user_121,167,10,Female
RT_data_user_122,243,73,Male
RT_data_user_123,194,73,Female
RT_data_user_124,223,63,Male
RT_data_user_125,131,42,Male
RT_data_user_126,397,43,Female
RT_data_user_127,305,69,Female
RT_data_user_128,245,48,Female
RT_data_user_129,264,44,Female
RT_data_user_130,353,59,Female
RT_data_user_131,147,59,Male
RT_data_user_132,394,22,Male
RT_data_user_133,227,30,Male
RT_data_user_134,338,17,Female
RT_data_user_135,279,23,Male
RT_data_user_136,207,14,Male
RT_data_user_137,123,34,Female
RT_data_user_138,233,70,Male
RT_data_user_139,120,34,Male
RT_data_user_140,257,50,Female
RT_data_user_141,368,37,Female
RT_data_user_142,159,36,Female
RT_data_user_143,397,74,Female
RT_data_user_144,297,66,Male
RT_data_user_145,113,73,Male
RT_data_user_146,330,35,Female
RT_data_user_147,104,71,Female
RT_data_user_148,108,76,Female
RT_data_user_149,283,55,Female
RT_data_user_150,390,54,Male
RT_data_user_151,218,21,Female
RT_data_user_152,395,64,Female
RT_data_user_153,391,26,Female
RT_data_user_154,340,63,Female
RT_data_user_155,365,21,Female
RT_data_user_156,103,69,Female
RT_data_user_157,352,57,Female
RT_data_user_158,339,10,Female
RT_data_user_159,386,13,Male
RT_data_user_160,292,55,Female
RT_data_user_161,149,60,Female
RT_data_user_162,159,37,Female
RT_data_user_163,107,68,Male
RT_data_user_164,203,66,Male
RT_data_user_165,232,74,Male
RT_data_user_166,352,54,Male
RT_data_user_167,367,40,Female
RT_data_user_168,176,74,Male
RT_data_user_169,144,34,Female
RT_data_user_170,161,33,Male
RT_data_user_171,136,43,Female
RT_data_user_172,396,74,Male
RT_data_user_173,209,19,Female
RT_data_user_174,120,72,Male
RT_data_user_175,369,11,Female
RT_data_user_176,383,64,Male
RT_data_user_177,193,69,Female
RT_data_user_178,123,13,Male
RT_data_user_179,329,21,Female
RT_data_user_180,337,27,Female
RT_data_user_181,167,23,Female
RT_data_user_182,145,54,Male
RT_data_user_183,286,63,Male
RT_data_user_184,135,65,Female
RT_data_user_185,278,73,Male
RT_data_user_186,237,59,Female
RT_data_user_187,278,11,Male
RT_data_user_188,141,79,Male
RT_data_user_189,173,50,Male
RT_data_user_190,297,51,Male
RT_data_user_191,313,68,Female
RT_data_user_192,368,64,Female
RT_data_user_193,363,63,Female
RT_data_user_194,205,32,Male
RT_data_user_195,207,35,Female
RT_data_user_196,394,27,Male
RT_data_user_197,222,68,Male
RT_data_user_198,111,69,Male
RT_data_user_199,177,24,Female
RT_data_user_200,245,50,Male
RT_data_user_201,293,34,Female
RT_data_user_202,309,63,Female
RT_data_user_203,160,64,Female
RT_data_user_204,303,24,Male
RT_data_user_205,207,49,Female
RT_data_user_206,289,22,Male
RT_data_user_207,189,13,Male
RT_data_user_208,394,56,Female
RT_data_user_209,342,41,Female
RT_data_user_210,368,36,Female
RT_data_user_211,213,59,Female
RT_data_user_212,102,20,Female
RT_data_user_213,326,76,Female
RT_data_user_214,159,74,Female
RT_data_user_215,275,26,Male
RT_data_user_216,170,40,Male
RT_data_user_217,209,59,Male
RT_data_user_218,378,25,Male
RT_data_user_219,184,41,Female
RT_data_user_220,253,12,Female
RT_data_user_221,334,71,Female
RT_data_user_222,247,19,Female
RT_data_user_223,160,47,Male
RT_data_user_224,201,24,Female
RT_data_user_225,244,77,Female
RT_data_user_226,158,18,Male
RT_data_user_227,112,13,Male
RT_data_user_228,298,27,Female
RT_data_user_229,246,61,Male
RT_data_user_230,179,47,Male
RT_data_user_231,272,73,Male
RT_data_user_232,232,11,Female
RT_data_user_233,217,48,Female
RT_data_user_234,152,19,Female
RT_data_user_235,320,76,Female
RT_data_user_236,201,64,Male
RT_data_user_237,204,58,Female
RT_data_user_238,155,45,Female
RT_data_user_239,395,14,Female
RT_data_user_240,151,39,Male
RT_data_user_241,277,22,Female
RT_data_user_242,218,50,Female
RT_data_user_243,231,17,Female
RT_data_user_244,348,47,Male
RT_data_user_245,343,47,Male
RT_data_user_246,353,13,Male
RT_data_user_247,187,66,Female
RT_data_user_248,145,21,Male
RT_data_user_249,236,37,Female
RT_data_user_250,226,77,Male
RT_data_user_251,324,45,Male
RT_data_user_252,363,47,Male
RT_data_user_253,366,73,Male
RT_data_user_254,331,25,Male
RT_data_user_255,100,59,Male
RT_data_user_256,329,35,Female
RT_data_user_257,241,53,Female
RT_data_user_258,194,35,Female
RT_data_user_259,208,20,Female
RT_data_user_260,151,33,Female
RT_data_user_261,110,42,Female
RT_data_user_262,392,36,Male
RT_data_user_263,305,63,Male
RT_data_user_264,365,59,Female
RT_data_user_265,349,72,Male
RT_data_user_266,241,66,Male
RT_data_user_267,266,49,Male
RT_data_user_268,235,61,Female
RT_data_user_269,346,53,Female
RT_data_user_270,166,42,Male
RT_data_user_271,172,66,Male
RT_data_user_272,149,52,Female
RT_data_user_273,369,76,Female
RT_data_user_274,347,78,Male
RT_data_user_275,320,14,Male
RT_data_user_276,255,26,Male
RT_data_user_277,339,54,Male
RT_data_user_278,249,64,Male
RT_data_user_279,115,69,Male
RT_data_user_280,280,53,Female
RT_data_user_281,273,72,Female
RT_data_user_282,210,28,Male
RT_data_user_283,336,20,Female
RT_data_user_284,307,17,Male
RT_data_user_285,264,32,Male
RT_data_user_286,135,73,Female
RT_data_user_287,350,27,Female
RT_data_user_288,343,66,Female
RT_data_user_289,148,70,Female
RT_data_user_290,159,58,Male
RT_data_user_291,110,20,Female
RT_data_user_292,146,56,Male
RT_data_user_293,129,45,Male
RT_data_user_294,279,68,Female
RT_data_user_295,235,79,Female
RT_data_user_296,145,22,Female
RT_data_user_297,167,27,Female
RT_data_user_298,204,57,Female
RT_data_user_299,103,64,Female
RT_data_user_300,164,73,Male
RT_data_user_301,382,13,Male
RT_data_user_302,395,22,Female
RT_data_user_303,293,36,Female
RT_data_user_304,213,60,Female
RT_data_user_305,235,21,Male
RT_data_user_306,257,15,Female
RT_data_user_307,396,16,Female
RT_data_user_308,171,17,Female
RT_data_user_309,346,77,Male
RT_data_user_310,113,59,Male
RT_data_user_311,204,39,Female
RT_data_user_312,297,53,Male
RT_data_user_313,300,59,Female
RT_data_user_314,262,22,Female
RT_data_user_315,345,43,Female
RT_data_user_316,219,28,Female
RT_data_user_317,249,71,Male
RT_data_user_318,192,13,Male
RT_data_user_319,370,67,Male
RT_data_user_320,279,38,Female
RT_data_user_321,121,79,Male
RT_data_user_322,259,33,Female
RT_data_user_323,303,50,Female
RT_data_user_324,336,41,Female
RT_data_user_325,110,49,Male
RT_data_user_326,170,33,Male
RT_data_user_327,358,48,Female
RT_data_user_328,103,45,Male
RT_data_user_329,372,74,Male
RT_data_user_330,377,59,Male
RT_data_user_331,197,48,Male
RT_data_user_332,103,66,Male
RT_data_user_333,159,32,Male
RT_data_user_334,313,40,Male
RT_data_user_335,105,50,Female
RT_data_user_336,245,62,Female
RT_data_user_337,227,19,Female
RT_data_user_338,115,57,Male
RT_data_user_339,253,72,Female
RT_data_user_340,183,40,Male
RT_data_user_341,129,52,Female
RT_data_user_342,265,21,Male
RT_data_user_343,195,22,Male
RT_data_user_344,356,41,Male
RT_data_user_345,109,58,Male
RT_data_user_346,394,52,Female
RT_data_user_347,242,28,Male
RT_data_user_348,356,62,Female
RT_data_user_349,168,16,Male
RT_data_user_350,200,66,Male
RT_data_user_351,390,13,Female
RT_data_user_352,111,67,Female
RT_data_user_353,178,11,Male
RT_data_user_354,312,79,Male
RT_data_user_355,394,57,Female
RT_data_user_356,237,34,Male
RT_data_user_357,373,44,Female
RT_data_user_358,359,69,Male
RT_data_user_359,161,35,Male
RT_data_user_360,291,23,Male
RT_data_user_361,376,36,Male
RT_data_user_362,255,40,Male
RT_data_user_363,153,54,Male
RT_data_user_364,324,23,Female
RT_data_user_365,338,56,Female
RT_data_user_366,266,70,Female
RT_data_user_367,293,24,Female
RT_data_user_368,207,38,Male
RT_data_user_369,116,45,Female
RT_data_user_370,165,18,Female
RT_data_user_371,397,67,Female
RT_data_user_372,185,11,Female
RT_data_user_373,280,74,Male
RT_data_user_374,147,10,Male
RT_data_user_375,175,35,Female
RT_data_user_376,263,71,Male
RT_data_user_377,304,64,Female
RT_data_user_378,314,76,Male
RT_data_user_379,144,58,Male
RT_data_user_380,328,26,Female
RT_data_user_381,148,60,Female
RT_data_user_382,375,64,Female
RT_data_user_383,195,70,Female
RT_data_user_384,165,38,Female
RT_data_user_385,162,57,Female
RT_data_user_386,310,69,Female
RT_data_user_387,162,54,Female
RT_data_user_388,398,19,Male
RT_data_user_389,318,77,Female
RT_data_user_390,179,10,Male
RT_data_user_391,354,20,Female
RT_data_user_392,243,36,Male
RT_data_user_393,356,24,Male
RT_data_user_394,239,30,Male
RT_data_user_395,130,34,Female
RT_data_user_396,186,58,Male
RT_data_user_397,172,32,Female
RT_data_user_398,319,25,Male
RT_data_user_399,305,18,Female
RT_data_user_400,289,69,Male
RT_data_user_401,332,64,Female
RT_data_user_402,234,62,Female
RT_data_user_403,116,65,Female
RT_data_user_404,104,69,Male
RT_data_user_405,354,74,Male
RT_data_user_406,180,23,Male
RT_data_user_407,340,53,Male
RT_data_user_408,275,64,Male
RT_data_user_409,382,35,Female
RT_data_user_410,281,62,Male
RT_data_user_411,265,72,Male
RT_data_user_412,269,38,Female
RT_data_user_413,155,61,Male
RT_data_user_414,391,31,Male
RT_data_user_415,396,49,Male
RT_data_user_416,156,64,Female
RT_data_user_417,310,66,Male
RT_data_user_418,344,69,Male
RT_data_user_419,388,58,Male
RT_data_user_420,199,35,Female
RT_data_user_421,251,66,Female
RT_data_user_422,136,54,Male
RT_data_user_423,240,56,Male
RT_data_user_424,353,13,Male
RT_data_user_425,375,63,Male
RT_data_user_426,216,76,Male
RT_data_user_427,196,43,Male
RT_data_user_428,357,23,Male
RT_data_user_429,285,55,Female
RT_data_user_430,339,33,Female
RT_data_user_431,195,57,Male
RT_data_user_432,354,57,Female
RT_data_user_433,242,62,Female
RT_data_user_434,344,13,Male
RT_data_user_435,239,68,Female
RT_data_user_436,310,41,Female
RT_data_user_437,182,72,Male
RT_data_user_438,174,35,Male
RT_data_user_439,303,46,Male
RT_data_user_440,225,13,Male
RT_data_user_441,165,35,Male
RT_data_user_442,139,37,Female
RT_data_user_443,156,45,Female
RT_data_user_444,383,16,Male
RT_data_user_445,365,14,Male
RT_data_user_446,114,53,Male
RT_data_user_447,367,66,Female
RT_data_user_448,397,66,Female
RT_data_user_449,253,23,Female
RT_data_user_450,387,40,Female
RT_data_user_451,363,39,Female
RT_data_user_452,272,11,Female
RT_data_user_453,231,76,Male
RT_data_user_454,368,46,Male
RT_data_user_455,400,25,Male
RT_data_user_456,172,67,Male
RT_data_user_457,320,27,Male
RT_data_user_458,198,12,Male
RT_data_user_459,197,69,Female
RT_data_user_460,306,56,Female
RT_data_user_461,367,68,Male
RT_data_user_462,142,74,Male
RT_data_user_463,100,46,Male
RT_data_user_464,253,19,Male
RT_data_user_465,262,39,Female
RT_data_user_466,283,51,Female
RT_data_user_467,240,67,Male
RT_data_user_468,380,58,Female
RT_data_user_469,122,30,Female
RT_data_user_470,304,21,Male
RT_data_user_471,228,24,Female
RT_data_user_472,273,31,Male
RT_data_user_473,178,46,Male
RT_data_user_474,193,47,Female
RT_data_user_475,301,23,Female
RT_data_user_476,333,30,Female
RT_data_user_477,237,20,Female
RT_data_user_478,332,33,Male
RT_data_user_479,355,74,Male
RT_data_user_480,240,26,Female
RT_data_user_481,265,15,Male
RT_data_user_482,281,71,Female
RT_data_user_483,371,23,Male
RT_data_user_484,147,74,Male
RT_data_user_485,139,71,Female
RT_data_user_486,142,15,Female
RT_data_user_487,344,52,Female
RT_data_user_488,137,65,Female
RT_data_user_489,286,70,Female
RT_data_user_490,259,68,Male
RT_data_user_491,396,24,Female
RT_data_user_492,285,23,Female
RT_data_user_493,389,59,Male
RT_data_user_494,117,52,Female
RT_data_user_495,384,67,Male
RT_data_user_496,115,62,Female
RT_data_user_497,143,61,Female
RT_data_user_498,124,52,Female
RT_data_user_499,392,21,Female
RT_data_user_500,225,19,Female
RT_data_user_501,131,77,Female
RT_data_user_502,347,34,Male
RT_data_user_503,284,67,Male
RT_data_user_504,187,59,Male
RT_data_user_505,291,21,Female
RT_data_user_506,129,12,Male
RT_data_user_507,218,10,Female
RT_data_user_508,106,16,Female
RT_data_user_509,153,22,Female
RT_data_user_510,231,40,Male
RT_data_user_511,250,44,Female
RT_data_user_512,274,43,Male
RT_data_user_513,251,13,Male
RT_data_user_514,191,15,Male
RT_data_user_515,291,70,Male
RT_data_user_516,262,55,Female
RT_data_user_517,282,47,Female
RT_data_user_518,342,31,Male
RT_data_user_519,354,22,Female
RT_data_user_520,109,50,Female
RT_data_user_521,366,75,Female
RT_data_user_522,160,12,Female
RT_data_user_523,302,42,Female
RT_data_user_524,230,65,Female
RT_data_user_525,374,74,Female
RT_data_user_526,144,33,Female
RT_data_user_527,157,18,Male
RT_data_user_528,320,39,Female
RT_data_user_529,220,35,Female
RT_data_user_530,396,40,Male
RT_data_user_531,281,21,Female
RT_data_user_532,114,56,Female
RT_data_user_533,365,36,Male
RT_data_user_534,196,70,Male
RT_data_user_535,317,68,Male
RT_data_user_536,301,43,Male
RT_data_user_537,378,68,Male
RT_data_user_538,331,72,Female
RT_data_user_539,143,72,Male
RT_data_user_540,259,56,Male
RT_data_user_541,302,26,Female
RT_data_user_542,187,67,Female
RT_data_user_543,139,59,Male
RT_data_user_544,197,23,Female
RT_data_user_545,341,50,Female
RT_data_user_546,346,71,Female
RT_data_user_547,264,76,Male
RT_data_user_548,146,28,Female
RT_data_user_549,141,35,Male
RT_data_user_550,321,69,Male
RT_data_user_551,287,37,Female
RT_data_user_552,119,10,Male
RT_data_user_553,210,34,Female
RT_data_user_554,275,74,Female
RT_data_user_555,210,26,Female
RT_data_user_556,263,33,Female
RT_data_user_557,228,10,Male
RT_data_user_558,210,62,Female
RT_data_user_559,375,41,Female
RT_data_user_560,193,38,Male
RT_data_user_561,310,16,Female
RT_data_user_562,259,50,Male
RT_data_user_563,163,25,Male
RT_data_user_564,238,73,Female
RT_data_user_565,117,54,Male
RT_data_user_566,318,26,Male
RT_data_user_567,256,71,Male
RT_data_user_568,280,79,Male
RT_data_user_569,350,28,Female
RT_data_user_570,321,27,Female
RT_data_user_571,386,22,Male
RT_data_user_572,311,62,Male
RT_data_user_573,368,49,Female
RT_data_user_574,238,75,Male
RT_data_user_575,175,66,Male
RT_data_user_576,344,45,Male
RT_data_user_577,188,33,Female
RT_data_user_578,123,76,Male
RT_data_user_579,249,39,Male
RT_data_user_580,215,61,Male
RT_data_user_581,364,70,Female
RT_data_user_582,205,28,Female
RT_data_user_583,392,32,Female
RT_data_user_584,246,66,Female
RT_data_user_585,259,25,Male
RT_data_user_586,265,27,Male
RT_data_user_587,155,13,Female
RT_data_user_588,372,51,Female
RT_data_user_589,373,57,Female
RT_data_user_590,336,69,Female
RT_data_user_591,141,45,Male
RT_data_user_592,174,75,Male
RT_data_user_593,180,22,Female
RT_data_user_594,166,26,Female
RT_data_user_595,317,11,Female
RT_data_user_596,298,30,Female
RT_data_user_597,177,20,Male
RT_data_user_598,341,62,Male
RT_data_user_599,204,17,Female
RT_data_user_600,380,77,Male
RT_data_user_601,398,67,Female
RT_data_user_602,361,56,Male
RT_data_user_603,111,22,Male
RT_data_user_604,226,10,Female
RT_data_user_605,215,59,Female
RT_data_user_606,301,54,Male
RT_data_user_607,394,77,Male
RT_data_user_608,150,56,Male
RT_data_user_609,250,71,Male
RT_data_user_610,309,69,Male
RT_data_user_611,222,64,Female
RT_data_user_612,140,31,Male
RT_data_user_613,206,34,Female
RT_data_user_614,344,34,Female
RT_data_user_615,320,69,Male
RT_data_user_616,236,44,Male
RT_data_user_617,149,42,Female
RT_data_user_618,350,75,Male
RT_data_user_619,199,52,Male
RT_data_user_620,134,12,Female
RT_data_user_621,217,50,Female
RT_data_user_622,341,65,Female
RT_data_user_623,352,71,Female
RT_data_user_624,214,77,Female
RT_data_user_625,365,44,Female
RT_data_user_626,175,48,Male
RT_data_user_627,389,31,Male
RT_data_user_628,157,38,Female
RT_data_user_629,287,18,Female
RT_data_user_630,258,64,Male
RT_data_user_631,254,27,Female
RT_data_user_632,354,20,Male
RT_data_user_633,244,50,Male
RT_data_user_634,365,13,Male
RT_data_user_635,303,57,Female
RT_data_user_636,216,52,Female
RT_data_user_637,107,16,Female
RT_data_user_638,232,79,Female
RT_data_user_639,373,75,Male
RT_data_user_640,194,34,Female
RT_data_user_641,283,59,Male
RT_data_user_642,244,47,Female
RT_data_user_643,135,21,Male
RT_data_user_644,109,50,Male
RT_data_user_645,224,28,Female
RT_data_user_646,103,71,Male
RT_data_user_647,268,27,Female
RT_data_user_648,107,34,Female
RT_data_user_649,286,12,Male
RT_data_user_650,219,35,Female
RT_data_user_651,275,51,Female
RT_data_user_652,126,79,Female
RT_data_user_653,105,22,Female
RT_data_user_654,216,48,Female
RT_data_user_655,323,25,Male
RT_data_user_656,328,23,Male
RT_data_user_657,365,13,Female
RT_data_user_658,181,58,Male
RT_data_user_659,117,73,Female
RT_data_user_660,105,27,Female
RT_data_user_661,260,44,Male
RT_data_user_662,252,36,Female
RT_data_user_663,233,47,Male
RT_data_user_664,284,59,Female
RT_data_user_665,176,25,Female
RT_data_user_666,100,79,Male
RT_data_user_667,228,33,Male
RT_data_user_668,126,47,Female
RT_data_user_669,183,32,Male
RT_data_user_670,220,74,Male
RT_data_user_671,269,30,Female
RT_data_user_672,210,22,Male
RT_data_user_673,106,17,Female
RT_data_user_674,100,60,Male
RT_data_user_675,165,70,Male
RT_data_user_676,362,43,Male
RT_data_user_677,313,30,Female
RT_data_user_678,211,10,Female
RT_data_user_679,279,37,Female
RT_data_user_680,306,58,Male
RT_data_user_681,193,22,Female
RT_data_user_682,364,66,Male
RT_data_user_683,269,35,Male
RT_data_user_684,160,47,Female
RT_data_user_685,276,30,Female
RT_data_user_686,378,57,Male
RT_data_user_687,169,71,Female
RT_data_user_688,239,45,Female
RT_data_user_689,319,62,Female
RT_data_user_690,381,50,Female
RT_data_user_691,394,42,Male
RT_data_user_692,114,79,Female
RT_data_user_693,281,32,Female
RT_data_user_694,369,64,Male
RT_data_user_695,351,63,Male
RT_data_user_696,326,71,Male
RT_data_user_697,323,41,Male
RT_data_user_698,219,70,Female
RT_data_user_699,118,42,Female
RT_data_user_700,222,25,Male
RT_data_user_701,289,69,Male
RT_data_user_702,363,13,Female
RT_data_user_703,269,47,Male
RT_data_user_704,229,20,Female
RT_data_user_705,119,32,Male
RT_data_user_706,400,23,Female
RT_data_user_707,186,33,Female
RT_data_user_708,134,22,Female
RT_data_user_709,306,43,Female
RT_data_user_710,134,35,Male
RT_data_user_711,122,40,Male
RT_data_user_712,393,75,Male
RT_data_user_713,317,28,Male
RT_data_user_714,212,58,Female
RT_data_user_715,346,74,Female
RT_data_user_716,176,21,Female
RT_data_user_717,210,34,Female
RT_data_user_718,374,70,Female
RT_data_user_719,362,79,Male
RT_data_user_720,285,41,Female
RT_data_user_721,264,53,Female
RT_data_user_722,197,69,Male
RT_data_user_723,358,29,Female
RT_data_user_724,212,51,Female
RT_data_user_725,176,36,Female
RT_data_user_726,261,36,Female
RT_data_user_727,353,36,Female
RT_data_user_728,186,32,Male
RT_data_user_729,294,78,Female
RT_data_user_730,318,29,Female
RT_data_user_731,222,23,Male
RT_data_user_732,344,52,Male
RT_data_user_733,120,79,Female
RT_data_user_734,323,40,Female
RT_data_user_735,182,26,Female
RT_data_user_736,351,30,Female
RT_data_user_737,154,40,Male
RT_data_user_738,238,45,Female
RT_data_user_739,247,70,Male
RT_data_user_740,249,52,Male
RT_data_user_741,182,71,Female
RT_data_user_742,224,65,Female
RT_data_user_743,398,38,Female
RT_data_user_744,262,63,Male
RT_data_user_745,329,29,Female
RT_data_user_746,168,19,Male
RT_data_user_747,389,12,Male
RT_data_user_748,243,43,Male
RT_data_user_749,186,71,Female
RT_data_user_750,350,60,Male
RT_data_user_751,102,57,Male
RT_data_user_752,285,13,Female
RT_data_user_753,156,67,Male
RT_data_user_754,359,48,Male
RT_data_user_755,145,25,Female
RT_data_user_756,169,69,Male
RT_data_user_757,281,59,Male
RT_data_user_758,383,62,Male
RT_data_user_759,348,40,Female
RT_data_user_760,112,37,Male
RT_data_user_761,394,20,Female
RT_data_user_762,378,61,Female
RT_data_user_763,152,26,Female
RT_data_user_764,290,11,Male
RT_data_user_765,258,38,Male
RT_data_user_766,196,28,Female
RT_data_user_767,202,32,Female
RT_data_user_768,383,38,Female
RT_data_user_769,183,56,Male
RT_data_user_770,211,43,Female
RT_data_user_771,396,57,Male
RT_data_user_772,204,53,Male
RT_data_user_773,249,36,Female
RT_data_user_774,190,21,Female
RT_data_user_775,156,15,Female
RT_data_user_776,231,64,Male
RT_data_user_777,134,78,Female
RT_data_user_778,269,28,Male
RT_data_user_779,334,17,Male
RT_data_user_780,221,76,Female
RT_data_user_781,239,29,Female
RT_data_user_782,150,35,Female
RT_data_user_783,276,56,Male
RT_data_user_784,317,71,Female
RT_data_user_785,147,40,Male
RT_data_user_786,377,47,Male
RT_data_user_787,379,43,Male
RT_data_user_788,287,68,Female
RT_data_user_789,290,18,Male
RT_data_user_790,229,11,Female
RT_data_user_791,214,64,Male
RT_data_user_792,195,65,Female
RT_data_user_793,232,23,Male
RT_data_user_794,165,61,Female
RT_data_user_795,283,39,Male
RT_data_user_796,172,50,Male
RT_data_user_797,373,70,Male
RT_data_user_798,244,58,Female
RT_data_user_799,113,31,Female
RT_data_user_800,374,25,Male
RT_data_user_801,239,41,Female
RT_data_user_802,348,43,Female
RT_data_user_803,252,67,Female
RT_data_user_804,231,63,Female
RT_data_user_805,399,40,Male
RT_data_user_806,184,39,Female
RT_data_user_807,208,40,Male
RT_data_user_808,149,23,Male
RT_data_user_809,371,57,Female
RT_data_user_810,228,54,Male
RT_data_user_811,375,32,Male
RT_data_user_812,203,50,Female
RT_data_user_813,120,33,Male
RT_data_user_814,386,25,Female
RT_data_user_815,194,43,Male
RT_data_user_816,357,59,Female
RT_data_user_817,141,17,Male
RT_data_user_818,137,32,Male
RT_data_user_819,104,52,Male
RT_data_user_820,107,79,Male
RT_data_user_821,183,35,Male
RT_data_user_822,360,41,Male
RT_data_user_823,136,36,Female
RT_data_user_824,185,79,Male
RT_data_user_825,191,67,Female
RT_data_user_826,288,63,Female
RT_data_user_827,177,75,Female
RT_data_user_828,250,49,Male
RT_data_user_829,377,55,Female
RT_data_user_830,315,61,Female
RT_data_user_831,169,41,Male
RT_data_user_832,231,12,Male
RT_data_user_833,387,62,Female
RT_data_user_834,313,66,Male
RT_data_user_835,188,51,Female
RT_data_user_836,139,58,Female
RT_data_user_837,295,56,Female
RT_data_user_838,179,18,Male
RT_data_user_839,183,63,Male
RT_data_user_840,194,25,Male
RT_data_user_841,197,57,Female
RT_data_user_842,250,41,Male
RT_data_user_843,279,15,Female
RT_data_user_844,115,53,Female
RT_data_user_845,284,78,Female
RT_data_user_846,382,62,Male
RT_data_user_847,317,66,Female
RT_data_user_848,260,48,Male
RT_data_user_849,394,31,Female
RT_data_user_850,113,70,Female
RT_data_user_851,254,34,Female
RT_data_user_852,386,41,Male
RT_data_user_853,359,71,Female
RT_data_user_854,257,58,Male
RT_data_user_855,165,70,Female
RT_data_user_856,378,27,Male
RT_data_user_857,216,20,Female
RT_data_user_858,320,41,Female
RT_data_user_859,397,21,Female
RT_data_user_860,169,30,Female
RT_data_user_861,398,15,Female
RT_data_user_862,188,78,Female
RT_data_user_863,281,70,Female
RT_data_user_864,311,62,Female
RT_data_user_865,159,78,Male
RT_data_user_866,331,68,Male
RT_data_user_867,134,33,Female
RT_data_user_868,321,11,Female
RT_data_user_869,251,14,Female
RT_data_user_870,323,73,Male
RT_data_user_871,328,34,Male
RT_data_user_872,211,34,Male
RT_data_user_873,317,72,Male
RT_data_user_874,269,32,Female
RT_data_user_875,392,19,Female
RT_data_user_876,332,10,Female
RT_data_user_877,354,47,Female
RT_data_user_878,110,71,Female
RT_data_user_879,153,68,Male
RT_data_user_880,363,26,Male
RT_data_user_881,158,79,Female
RT_data_user_882,105,25,Female
RT_data_user_883,288,51,Male
RT_data_user_884,285,17,Female
RT_data_user_885,247,11,Male
RT_data_user_886,357,73,Female
RT_data_user_887,211,27,Male
RT_data_user_888,397,35,Male
RT_data_user_889,206,41,Male
RT_data_user_890,391,56,Male
RT_data_user_891,144,57,Female
RT_data_user_892,110,40,Male
RT_data_user_893,256,16,Male
RT_data_user_894,260,19,Male
RT_data_user_895,237,40,Female
RT_data_user_896,361,41,Female
RT_data_user_897,316,33,Female
RT_data_user_898,220,79,Male
RT_data_user_899,269,69,Female
RT_data_user_900,292,56,Female
RT_data_user_901,146,53,Male
RT_data_user_902,110,21,Female
RT_data_user_903,299,40,Male
RT_data_user_904,388,25,Male
RT_data_user_905,330,52,Male
RT_data_user_906,103,73,Female
RT_data_user_907,226,18,Female
RT_data_user_908,314,18,Female
RT_data_user_909,318,58,Male
RT_data_user_910,292,67,Female
RT_data_user_911,248,31,Male
RT_data_user_912,309,42,Female
RT_data_user_913,376,28,Male
RT_data_user_914,336,59,Female
RT_data_user_915,109,65,Female
RT_data_user_916,312,37,Male
RT_data_user_917,193,42,Female
RT_data_user_918,337,36,Male
RT_data_user_919,318,38,Male
RT_data_user_920,126,55,Male
RT_data_user_921,100,69,Male
RT_data_user_922,198,31,Male
RT_data_user_923,383,64,Female
RT_data_user_924,320,71,Female
RT_data_user_925,178,11,Female
RT_data_user_926,199,30,Male
RT_data_user_927,173,34,Male
RT_data_user_928,129,29,Male
RT_data_user_929,203,43,Male
RT_data_user_930,150,21,Female
RT_data_user_931,327,65,Male
RT_data_user_932,243,27,Male
RT_data_user_933,317,19,Female
RT_data_user_934,291,49,Female
RT_data_user_935,139,59,Male
RT_data_user_936,400,49,Female
RT_data_user_937,245,50,Male
RT_data_user_938,245,13,Female
RT_data_user_939,270,23,Female
RT_data_user_940,257,41,Male
RT_data_user_941,210,23,Male
RT_data_user_942,119,54,Male
RT_data_user_943,367,33,Male
RT_data_user_944,129,63,Male
RT_data_user_945,172,10,Male
RT_data_user_946,374,50,Female
RT_data_user_947,215,43,Male
RT_data_user_948,329,78,Male
RT_data_user_949,219,54,Male
RT_data_user_950,194,38,Male
RT_data_user_951,202,16,Female
RT_data_user_952,226,55,Female
RT_data_user_953,212,45,Female
RT_data_user_954,319,59,Female
RT_data_user_955,356,50,Female
RT_data_user_956,190,19,Male
RT_data_user_957,395,14,Male
RT_data_user_958,231,41,Female
RT_data_user_959,374,27,Male
RT_data_user_960,389,30,Female
RT_data_user_961,327,30,Female
RT_data_user_962,307,48,Male
RT_data_user_963,307,51,Female
RT_data_user_964,204,38,Male
RT_data_user_965,150,40,Female
RT_data_user_966,266,51,Male
RT_data_user_967,243,24,Female
RT_data_user_968,188,44,Male
RT_data_user_969,202,50,Male
RT_data_user_970,374,55,Male
RT_data_user_971,369,57,Male
RT_data_user_972,249,33,Male
RT_data_user_973,276,75,Female
RT_data_user_974,224,50,Female
RT_data_user_975,328,58,Male
RT_data_user_976,296,70,Male
RT_data_user_977,124,74,Male
RT_data_user_978,154,40,Male
RT_data_user_979,400,59,Male
RT_data_user_980,173,28,Female
RT_data_user_981,219,25,Male
RT_data_user_982,296,17,Male
RT_data_user_983,338,72,Female
RT_data_user_984,270,63,Female
RT_data_user_985,313,46,Male
RT_data_user_986,356,57,Female
RT_data_user_987,230,25,Female
RT_data_user_988,174,24,Female
RT_data_user_989,380,76,Female
RT_data_user_990,162,66,Female
RT_data_user_991,233,26,Male
RT_data_user_992,284,11,Female
RT_data_user_993,209,38,Male
RT_data_user_994,330,33,Female
RT_data_user_995,326,76,Male
RT_data_user_996,389,10,Female
RT_data_user_997,334,58,Male
RT_data_user_998,234,15,Female
RT_data_user_999,374,42,Female
RT_data_user_1000,149,59,Female
RT_data_user_1001,134,25,Female
RT_data_user_1002,213,30,Female
RT_data_user_1003,112,24,Male
RT_data_user_1004,249,45,Female
RT_data_user_1005,267,79,Female
RT_data_user_1006,313,37,Female
RT_data_user_1007,202,34,Male
RT_data_user_1008,296,36,Female
RT_data_user_1009,106,51,Female
RT_data_user_1010,152,62,Male
RT_data_user_1011,287,61,Male
RT_data_user_1012,203,70,Female
RT_data_user_1013,134,79,Female
RT_data_user_1014,134,68,Female
RT_data_user_1015,343,79,Female
RT_data_user_1016,268,17,Male
RT_data_user_1017,273,74,Male
RT_data_user_1018,216,39,Male
RT_data_user_1019,107,25,Female
RT_data_user_1020,141,52,Female
RT_data_user_1021,370,64,Female
RT_data_user_1022,122,76,Female
RT_data_user_1023,383,13,Male
RT_data_user_1024,319,47,Male
RT_data_user_1025,161,31,Female
RT_data_user_1026,127,41,Male
RT_data_user_1027,213,73,Male
RT_data_user_1028,224,75,Male
RT_data_user_1029,194,49,Male
RT_data_user_1030,240,59,Male
RT_data_user_1031,188,40,Male
RT_data_user_1032,177,10,Female
RT_data_user_1033,141,23,Female
RT_data_user_1034,157,18,Female
RT_data_user_1035,159,41,Male
RT_data_user_1036,397,49,Female
RT_data_user_1037,323,41,Female
RT_data_user_1038,249,50,Female
RT_data_user_1039,188,12,Female
RT_data_user_1040,335,29,Male
RT_data_user_1041,307,45,Male
RT_data_user_1042,272,18,Female
RT_data_user_1043,313,20,Female
RT_data_user_1044,132,48,Male
RT_data_user_1045,251,48,Male
RT_data_user_1046,185,15,Male
RT_data_user_1047,214,29,Female
RT_data_user_1048,153,39,Male
RT_data_user_1049,211,76,Female
RT_data_user_1050,227,12,Male
RT_data_user_1051,139,35,Male
RT_data_user_1052,276,35,Male
RT_data_user_1053,395,67,Male
RT_data_user_1054,189,71,Male
RT_data_user_1055,105,53,Female
RT_data_user_1056,114,33,Male
RT_data_user_1057,241,56,Male
RT_data_user_1058,144,36,Female
RT_data_user_1059,399,53,Male
RT_data_user_1060,115,30,Female
RT_data_user_1061,153,22,Male
RT_data_user_1062,188,43,Female
RT_data_user_1063,361,53,Female
RT_data_user_1064,287,25,Male
RT_data_user_1065,143,12,Male
RT_data_user_1066,391,11,Female
RT_data_user_1067,182,57,Female
RT_data_user_1068,259,45,Female
RT_data_user_1069,158,76,Male
RT_data_user_1070,373,17,Female
RT_data_user_1071,159,26,Male
RT_data_user_1072,328,26,Female
RT_data_user_1073,337,77,Female
RT_data_user_1074,400,21,Female
RT_data_user_1075,360,60,Male
RT_data_user_1076,157,15,Male
RT_data_user_1077,303,10,Female
RT_data_user_1078,189,30,Female
RT_data_user_1079,235,40,Female
RT_data_user_1080,273,41,Female
RT_data_user_1081,400,56,Female
RT_data_user_1082,189,12,Male
RT_data_user_1083,164,56,Male
RT_data_user_1084,277,66,Female
RT_data_user_1085,110,66,Female
RT_data_user_1086,347,61,Female
RT_data_user_1087,144,25,Male
RT_data_user_1088,234,16,Male
RT_data_user_1089,322,77,Male
RT_data_user_1090,146,42,Female
RT_data_user_1091,114,50,Female
RT_data_user_1092,139,36,Female
RT_data_user_1093,255,41,Female
RT_data_user_1094,133,61,Male
RT_data_user_1095,201,16,Male
RT_data_user_1096,202,42,Female
RT_data_user_1097,310,38,Male
RT_data_user_1098,381,21,Male
RT_data_user_1099,338,76,Female
RT_data_user_1100,219,62,Female
RT_data_user_1101,397,22,Female
RT_data_user_1102,391,56,Female
RT_data_user_1103,250,70,Female
RT_data_user_1104,179,24,Male
RT_data_user_1105,106,48,Male
RT_data_user_1106,392,34,Female
RT_data_user_1107,352,65,Male
RT_data_user_1108,134,27,Male
RT_data_user_1109,155,33,Male
RT_data_user_1110,238,57,Male
RT_data_user_1111,177,63,Female
RT_data_user_1112,162,31,Male
RT_data_user_1113,339,14,Female
RT_data_user_1114,199,23,Male
RT_data_user_1115,211,22,Female
RT_data_user_1116,263,42,Female
RT_data_user_1117,233,36,Female
RT_data_user_1118,337,62,Female
RT_data_user_1119,378,21,Female
RT_data_user_1120,240,43,Male
RT_data_user_1121,340,66,Male
RT_data_user_1122,295,73,Female
RT_data_user_1123,360,76,Male
RT_data_user_1124,295,40,Male
RT_data_user_1125,311,49,Male
RT_data_user_1126,345,30,Male
RT_data_user_1127,387,46,Female
RT_data_user_1128,189,26,Male
RT_data_user_1129,307,73,Female
RT_data_user_1130,125,32,Male
RT_data_user_1131,129,12,Male
RT_data_user_1132,284,13,Female
RT_data_user_1133,203,30,Male
RT_data_user_1134,135,21,Male
RT_data_user_1135,289,14,Female
RT_data_user_1136,222,65,Male
RT_data_user_1137,201,43,Male
RT_data_user_1138,249,63,Female
RT_data_user_1139,391,40,Male
RT_data_user_1140,376,11,Male
RT_data_user_1141,213,65,Male
RT_data_user_1142,206,52,Female
RT_data_user_1143,394,62,Male
RT_data_user_1144,175,71,Female
RT_data_user_1145,255,66,Female
RT_data_user_1146,350,64,Female
RT_data_user_1147,345,57,Male
RT_data_user_1148,184,65,Female
RT_data_user_1149,238,15,Male
RT_data_user_1150,365,45,Female
RT_data_user_1151,230,51,Male
RT_data_user_1152,288,79,Female
RT_data_user_1153,176,47,Female
RT_data_user_1154,102,39,Female
RT_data_user_1155,277,50,Male
RT_data_user_1156,145,50,Male
RT_data_user_1157,283,64,Male
RT_data_user_1158,137,55,Female
RT_data_user_1159,236,51,Female
RT_data_user_1160,365,44,Male
RT_data_user_1161,382,35,Male
RT_data_user_1162,262,62,Male
RT_data_user_1163,395,24,Male
RT_data_user_1164,229,42,Male
RT_data_user_1165,346,40,Female
RT_data_user_1166,347,67,Female
RT_data_user_1167,400,14,Male
RT_data_user_1168,187,26,Male
RT_data_user_1169,390,64,Female
RT_data_user_1170,325,17,Male
RT_data_user_1171,235,56,Female
RT_data_user_1172,308,62,Female
RT_data_user_1173,364,14,Male
RT_data_user_1174,266,74,Male
RT_data_user_1175,264,59,Female
RT_data_user_1176,287,40,Female
RT_data_user_1177,309,13,Female
RT_data_user_1178,334,62,Male
RT_data_user_1179,122,20,Male
RT_data_user_1180,319,43,Male
RT_data_user_1181,195,12,Female
RT_data_user_1182,230,18,Male
RT_data_user_1183,337,21,Male
RT_data_user_1184,393,12,Female
RT_data_user_1185,212,29,Male
RT_data_user_1186,343,35,Male
RT_data_user_1187,287,44,Male
RT_data_user_1188,127,43,Female
RT_data_user_1189,196,42,Female
RT_data_user_1190,189,45,Male
RT_data_user_1191,212,47,Male
RT_data_user_1192,190,28,Female
RT_data_user_1193,378,33,Male
RT_data_user_1194,206,27,Female
RT_data_user_1195,305,68,Male
RT_data_user_1196,296,74,Female
RT_data_user_1197,284,16,Female
RT_data_user_1198,256,79,Female
RT_data_user_1199,373,57,Male
RT_data_user_1200,297,51,Male
RT_data_user_1201,301,52,Male
RT_data_user_1202,116,44,Male
RT_data_user_1203,184,10,Female
RT_data_user_1204,280,70,Female
RT_data_user_1205,250,75,Female
RT_data_user_1206,246,13,Male
RT_data_user_1207,129,57,Male
RT_data_user_1208,321,12,Male
RT_data_user_1209,338,45,Male
RT_data_user_1210,192,50,Female
RT_data_user_1211,375,63,Male
RT_data_user_1212,203,71,Female
RT_data_user_1213,225,74,Female
RT_data_user_1214,263,59,Female
RT_data_user_1215,341,41,Female
RT_data_user_1216,142,44,Female
RT_data_user_1217,149,27,Female
RT_data_user_1218,379,23,Male
RT_data_user_1219,221,61,Male
RT_data_user_1220,149,74,Male
RT_data_user_1221,318,50,Male
RT_data_user_1222,137,11,Female
RT_data_user_1223,177,76,Male
RT_data_user_1224,382,66,Female
RT_data_user_1225,258,66,Female
RT_data_user_1226,180,43,Male
RT_data_user_1227,210,62,Male
RT_data_user_1228,161,46,Male
RT_data_user_1229,128,50,Male
RT_data_user_1230,326,20,Female
RT_data_user_1231,387,70,Male
RT_data_user_1232,166,70,Male
RT_data_user_1233,141,54,Male
RT_data_user_1234,362,10,Female
RT_data_user_1235,265,30,Female
RT_data_user_1236,261,54,Male
RT_data_user_1237,254,38,Male
RT_data_user_1238,353,76,Female
RT_data_user_1239,365,61,Female
RT_data_user_1240,128,59,Female
RT_data_user_1241,192,71,Male
RT_data_user_1242,317,74,Male
RT_data_user_1243,357,53,Male
RT_data_user_1244,197,23,Female
RT_data_user_1245,297,62,Female
RT_data_user_1246,272,27,Male
RT_data_user_1247,182,62,Female
RT_data_user_1248,372,74,Female
RT_data_user_1249,341,11,Female
RT_data_user_1250,157,44,Female
RT_data_user_1251,211,22,Female
RT_data_user_1252,148,52,Female
RT_data_user_1253,239,32,Male
RT_data_user_1254,115,76,Female
RT_data_user_1255,267,17,Female
RT_data_user_1256,265,19,Male
RT_data_user_1257,313,22,Female
RT_data_user_1258,324,79,Female
RT_data_user_1259,343,64,Male
RT_data_user_1260,166,61,Female
RT_data_user_1261,236,73,Male
RT_data_user_1262,340,36,Male
RT_data_user_1263,369,15,Female
RT_data_user_1264,345,20,Male
RT_data_user_1265,249,42,Male
RT_data_user_1266,337,42,Male
RT_data_user_1267,304,33,Male
RT_data_user_1268,385,74,Male
RT_data_user_1269,343,76,Male
RT_data_user_1270,301,68,Female
RT_data_user_1271,331,74,Male
RT_data_user_1272,228,30,Female
RT_data_user_1273,328,13,Male
RT_data_user_1274,170,65,Male
RT_data_user_1275,175,39,Male
RT_data_user_1276,304,49,Female
RT_data_user_1277,131,43,Female
RT_data_user_1278,213,46,Male
RT_data_user_1279,223,11,Female
RT_data_user_1280,394,66,Male
RT_data_user_1281,129,75,Female
RT_data_user_1282,345,50,Female
RT_data_user_1283,384,43,Male
RT_data_user_1284,167,64,Female
RT_data_user_1285,241,60,Female
RT_data_user_1286,345,16,Female
RT_data_user_1287,345,12,Male
RT_data_user_1288,267,68,Female
RT_data_user_1289,121,61,Female
RT_data_user_1290,100,52,Male
RT_data_user_1291,103,16,Male
RT_data_user_1292,253,67,Male
RT_data_user_1293,226,20,Female
RT_data_user_1294,208,13,Male
RT_data_user_1295,309,44,Male
RT_data_user_1296,394,57,Female
RT_data_user_1297,184,55,Male
RT_data_user_1298,268,14,Male
RT_data_user_1299,257,73,Female
RT_data_user_1300,372,40,Male
RT_data_user_1301,370,68,Female
RT_data_user_1302,237,33,Female
RT_data_user_1303,400,27,Male
RT_data_user_1304,146,18,Male
RT_data_user_1305,103,20,Male
RT_data_user_1306,122,20,Male
RT_data_user_1307,295,34,Female
RT_data_user_1308,254,19,Male
RT_data_user_1309,342,50,Male
RT_data_user_1310,329,42,Female
RT_data_user_1311,211,71,Male
RT_data_user_1312,151,36,Female
RT_data_user_1313,289,34,Male
RT_data_user_1314,110,23,Male
RT_data_user_1315,345,40,Female
RT_data_user_1316,247,40,Female
RT_data_user_1317,280,69,Male
RT_data_user_1318,146,48,Male
RT_data_user_1319,140,29,Male
RT_data_user_1320,203,44,Female
RT_data_user_1321,192,18,Female
RT_data_user_1322,319,57,Female
RT_data_user_1323,368,16,Female
RT_data_user_1324,375,24,Female
RT_data_user_1325,244,22,Male
RT_data_user_1326,352,70,Female
RT_data_user_1327,377,20,Female
RT_data_user_1328,278,55,Female
RT_data_user_1329,379,65,Female
RT_data_user_1330,200,71,Female
RT_data_user_1331,213,49,Female
RT_data_user_1332,178,60,Female
RT_data_user_1333,213,33,Female
RT_data_user_1334,363,76,Female
RT_data_user_1335,220,56,Female
RT_data_user_1336,158,25,Female
RT_data_user_1337,226,77,Female
RT_data_user_1338,230,79,Male
RT_data_user_1339,202,24,Female
RT_data_user_1340,203,57,Male
RT_data_user_1341,156,59,Female
RT_data_user_1342,212,39,Female
RT_data_user_1343,181,51,Female
RT_data_user_1344,248,51,Male
RT_data_user_1345,229,15,Female
RT_data_user_1346,322,21,Male
RT_data_user_1347,124,25,Female
RT_data_user_1348,257,43,Female
RT_data_user_1349,382,19,Male
RT_data_user_1350,245,65,Female
RT_data_user_1351,383,69,Male
RT_data_user_1352,395,57,Male
RT_data_user_1353,267,60,Male
RT_data_user_1354,290,50,Male
RT_data_user_1355,243,20,Male
RT_data_user_1356,262,59,Female
RT_data_user_1357,175,75,Male
RT_data_user_1358,257,66,Male
RT_data_user_1359,137,53,Female
RT_data_user_1360,263,54,Female
RT_data_user_1361,311,56,Male
RT_data_user_1362,307,63,Male
RT_data_user_1363,132,20,Female
RT_data_user_1364,289,33,Male
RT_data_user_1365,377,74,Female
RT_data_user_1366,222,13,Female
RT_data_user_1367,130,78,Male
RT_data_user_1368,307,65,Female
RT_data_user_1369,184,64,Male
RT_data_user_1370,234,23,Female
RT_data_user_1371,270,78,Male
RT_data_user_1372,269,65,Female
RT_data_user_1373,214,40,Male
RT_data_user_1374,366,56,Male
RT_data_user_1375,300,24,Female
RT_data_user_1376,326,16,Male
RT_data_user_1377,258,41,Male
RT_data_user_1378,221,15,Female
RT_data_user_1379,270,43,Female
RT_data_user_1380,143,10,Female
RT_data_user_1381,372,45,Female
RT_data_user_1382,195,71,Female
RT_data_user_1383,349,31,Female
RT_data_user_1384,355,71,Female
RT_data_user_1385,202,77,Male
RT_data_user_1386,222,76,Male
RT_data_user_1387,149,28,Male
RT_data_user_1388,366,23,Male
RT_data_user_1389,127,55,Male
RT_data_user_1390,189,26,Male
RT_data_user_1391,224,69,Female
RT_data_user_1392,362,73,Female
RT_data_user_1393,334,73,Male
RT_data_user_1394,376,28,Female
RT_data_user_1395,355,30,Female
RT_data_user_1396,199,52,Male
RT_data_user_1397,169,59,Male
RT_data_user_1398,257,46,Female
RT_data_user_1399,107,66,Female
RT_data_user_1400,152,78,Female
RT_data_user_1401,238,32,Female
RT_data_user_1402,267,34,Female
RT_data_user_1403,278,29,Female
RT_data_user_1404,205,69,Male
RT_data_user_1405,322,34,Male
RT_data_user_1406,178,40,Male
RT_data_user_1407,121,44,Male
RT_data_user_1408,364,65,Male
RT_data_user_1409,251,53,Female
RT_data_user_1410,142,46,Female
RT_data_user_1411,269,44,Male
RT_data_user_1412,219,59,Male
RT_data_user_1413,392,19,Female
RT_data_user_1414,316,46,Female
RT_data_user_1415,108,29,Male
RT_data_user_1416,239,33,Male
RT_data_user_1417,291,67,Female
RT_data_user_1418,100,55,Male
RT_data_user_1419,150,67,Female
RT_data_user_1420,316,17,Female
RT_data_user_1421,110,67,Female
RT_data_user_1422,114,64,Male
RT_data_user_1423,231,74,Male
RT_data_user_1424,270,15,Female
RT_data_user_1425,165,58,Male
RT_data_user_1426,144,15,Female
RT_data_user_1427,129,51,Male
RT_data_user_1428,143,43,Female
RT_data_user_1429,219,15,Male
RT_data_user_1430,364,25,Female
RT_data_user_1431,320,37,Male
RT_data_user_1432,136,33,Female
RT_data_user_1433,185,38,Male
RT_data_user_1434,327,45,Female
RT_data_user_1435,384,14,Female
RT_data_user_1436,393,41,Male
RT_data_user_1437,165,49,Male
RT_data_user_1438,356,34,Female
RT_data_user_1439,373,20,Male
RT_data_user_1440,157,74,Female
RT_data_user_1441,252,68,Male
RT_data_user_1442,270,27,Male
RT_data_user_1443,290,54,Female
RT_data_user_1444,324,21,Male
RT_data_user_1445,371,16,Female
RT_data_user_1446,254,75,Female
RT_data_user_1447,135,43,Female
RT_data_user_1448,116,53,Female
RT_data_user_1449,393,71,Male
RT_data_user_1450,123,51,Male
RT_data_user_1451,106,20,Female
RT_data_user_1452,178,59,Female
RT_data_user_1453,224,45,Male
RT_data_user_1454,125,66,Female
RT_data_user_1455,339,11,Female
RT_data_user_1456,242,27,Male
RT_data_user_1457,222,41,Female
RT_data_user_1458,317,23,Male
RT_data_user_1459,326,72,Male
RT_data_user_1460,237,77,Female
RT_data_user_1461,254,74,Female
RT_data_user_1462,121,18,Male
RT_data_user_1463,247,36,Female
RT_data_user_1464,285,21,Male
RT_data_user_1465,289,32,Female
RT_data_user_1466,129,42,Male
RT_data_user_1467,121,63,Female
RT_data_user_1468,230,15,Male
RT_data_user_1469,113,62,Male
RT_data_user_1470,207,70,Male
RT_data_user_1471,186,77,Female
RT_data_user_1472,387,33,Female
RT_data_user_1473,261,75,Male
RT_data_user_1474,168,11,Male
RT_data_user_1475,351,62,Female
RT_data_user_1476,186,39,Female
RT_data_user_1477,242,18,Female
RT_data_user_1478,101,43,Male
RT_data_user_1479,145,21,Female
RT_data_user_1480,217,39,Female
RT_data_user_1481,159,32,Female
RT_data_user_1482,158,11,Female
RT_data_user_1483,300,51,Male
RT_data_user_1484,310,32,Female
RT_data_user_1485,325,21,Male
RT_data_user_1486,191,65,Male
RT_data_user_1487,173,54,Male
RT_data_user_1488,299,64,Female
RT_data_user_1489,114,22,Male
RT_data_user_1490,319,14,Female
RT_data_user_1491,186,61,Male
RT_data_user_1492,307,22,Male
RT_data_user_1493,163,71,Female
RT_data_user_1494,261,54,Female
RT_data_user_1495,316,65,Female
RT_data_user_1496,209,27,Male
RT_data_user_1497,313,79,Female
RT_data_user_1498,126,22,Male
RT_data_user_1499,117,46,Female
RT_data_user_1500,220,77,Male
RT_data_user_1501,372,73,Male
RT_data_user_1502,253,33,Male
RT_data_user_1503,126,21,Female
RT_data_user_1504,322,62,Female
RT_data_user_1505,400,46,Male
RT_data_user_1506,314,35,Female
RT_data_user_1507,295,15,Female
RT_data_user_1508,297,24,Male
RT_data_user_1509,140,74,Male
RT_data_user_1510,167,39,Male
RT_data_user_1511,241,78,Female
RT_data_user_1512,121,76,Female
RT_data_user_1513,388,51,Male
RT_data_user_1514,309,33,Female
RT_data_user_1515,183,20,Female
RT_data_user_1516,125,32,Female
RT_data_user_1517,171,64,Female
RT_data_user_1518,151,61,Male
RT_data_user_1519,325,50,Male
RT_data_user_1520,339,72,Female
RT_data_user_1521,277,22,Female
RT_data_user_1522,178,63,Female
RT_data_user_1523,364,39,Male
RT_data_user_1524,282,70,Male
RT_data_user_1525,196,69,Female
RT_data_user_1526,186,51,Female
RT_data_user_1527,296,11,Female
RT_data_user_1528,117,41,Male
RT_data_user_1529,125,75,Female
RT_data_user_1530,116,57,Male
RT_data_user_1531,370,48,Male
RT_data_user_1532,296,15,Female
RT_data_user_1533,163,41,Male
RT_data_user_1534,100,24,Female
RT_data_user_1535,131,43,Female
RT_data_user_1536,201,75,Female
RT_data_user_1537,299,60,Male
RT_data_user_1538,157,44,Female
RT_data_user_1539,285,34,Male
RT_data_user_1540,356,49,Female
RT_data_user_1541,301,40,Male
RT_data_user_1542,303,42,Female
RT_data_user_1543,386,18,Female
RT_data_user_1544,229,11,Female
RT_data_user_1545,210,44,Female
RT_data_user_1546,198,75,Male
RT_data_user_1547,167,52,Male
RT_data_user_1548,380,47,Female
RT_data_user_1549,162,21,Female
RT_data_user_1550,138,29,Female
RT_data_user_1551,336,56,Female
RT_data_user_1552,306,77,Female
RT_data_user_1553,207,36,Female
RT_data_user_1554,117,76,Male
RT_data_user_1555,360,20,Male
RT_data_user_1556,290,73,Male
RT_data_user_1557,243,34,Female
RT_data_user_1558,103,55,Male
RT_data_user_1559,329,74,Male
RT_data_user_1560,262,25,Male
RT_data_user_1561,165,51,Male
RT_data_user_1562,393,20,Female
RT_data_user_1563,220,47,Male
RT_data_user_1564,323,27,Male
RT_data_user_1565,255,74,Male
RT_data_user_1566,326,10,Female
RT_data_user_1567,234,10,Male
RT_data_user_1568,269,65,Female
RT_data_user_1569,391,18,Female
RT_data_user_1570,195,30,Male
RT_data_user_1571,326,23,Male
RT_data_user_1572,235,71,Male
RT_data_user_1573,187,61,Male
RT_data_user_1574,327,24,Female
RT_data_user_1575,213,77,Male
RT_data_user_1576,180,23,Male
RT_data_user_1577,141,10,Female
RT_data_user_1578,244,70,Male
RT_data_user_1579,286,60,Male
RT_data_user_1580,309,73,Male
RT_data_user_1581,292,18,Female
RT_data_user_1582,227,15,Female
RT_data_user_1583,373,66,Female
RT_data_user_1584,163,40,Female
RT_data_user_1585,398,75,Male
RT_data_user_1586,306,59,Male
RT_data_user_1587,177,38,Male
RT_data_user_1588,321,49,Female
RT_data_user_1589,150,25,Female
RT_data_user_1590,393,64,Female
RT_data_user_1591,185,58,Male
RT_data_user_1592,193,67,Male
RT_data_user_1593,391,19,Female
RT_data_user_1594,352,45,Male
RT_data_user_1595,268,61,Male
RT_data_user_1596,368,53,Female
RT_data_user_1597,209,22,Female
RT_data_user_1598,388,77,Female
RT_data_user_1599,137,34,Female
RT_data_user_1600,189,64,Male
RT_data_user_1601,191,39,Female
RT_data_user_1602,170,36,Female
RT_data_user_1603,369,38,Female
RT_data_user_1604,227,56,Female
RT_data_user_1605,250,65,Male
RT_data_user_1606,215,42,Female
RT_data_user_1607,287,38,Male
RT_data_user_1608,314,21,Male
RT_data_user_1609,397,30,Female
RT_data_user_1610,161,36,Female
RT_data_user_1611,334,54,Female
RT_data_user_1612,339,59,Male
RT_data_user_1613,348,60,Male
RT_data_user_1614,213,39,Male
RT_data_user_1615,127,23,Male
RT_data_user_1616,198,54,Female
RT_data_user_1617,253,29,Male
RT_data_user_1618,394,54,Female
RT_data_user_1619,167,15,Female
RT_data_user_1620,110,24,Male
RT_data_user_1621,396,74,Male
RT_data_user_1622,392,56,Female
RT_data_user_1623,289,15,Female
RT_data_user_1624,358,41,Female
RT_data_user_1625,312,31,Female
RT_data_user_1626,169,24,Male
RT_data_user_1627,104,74,Female
RT_data_user_1628,129,56,Male
RT_data_user_1629,280,17,Female
RT_data_user_1630,327,54,Female
RT_data_user_1631,219,44,Male
RT_data_user_1632,130,32,Female
RT_data_user_1633,390,64,Male
RT_data_user_1634,118,16,Male
RT_data_user_1635,208,38,Male
RT_data_user_1636,238,15,Male
RT_data_user_1637,164,58,Male
RT_data_user_1638,228,22,Male
RT_data_user_1639,106,37,Female
RT_data_user_1640,400,63,Male
RT_data_user_1641,230,25,Female
RT_data_user_1642,176,59,Male
RT_data_user_1643,191,30,Female
RT_data_user_1644,317,38,Male
RT_data_user_1645,303,56,Female
RT_data_user_1646,141,27,Male
RT_data_user_1647,228,71,Male
RT_data_user_1648,270,12,Female
RT_data_user_1649,195,27,Female
RT_data_user_1650,287,50,Male
RT_data_user_1651,201,62,Male
RT_data_user_1652,285,22,Male
RT_data_user_1653,140,73,Male
RT_data_user_1654,352,29,Female
RT_data_user_1655,191,79,Female
RT_data_user_1656,308,33,Female
RT_data_user_1657,363,35,Female
RT_data_user_1658,294,10,Female
RT_data_user_1659,239,40,Male
RT_data_user_1660,257,45,Female
RT_data_user_1661,328,56,Male
RT_data_user_1662,328,62,Female
RT_data_user_1663,183,18,Female
RT_data_user_1664,228,43,Male
RT_data_user_1665,195,63,Female
RT_data_user_1666,238,30,Female
RT_data_user_1667,385,20,Female
RT_data_user_1668,341,60,Female
RT_data_user_1669,236,62,Female
RT_data_user_1670,186,65,Female
RT_data_user_1671,191,53,Male
RT_data_user_1672,249,51,Male
RT_data_user_1673,397,60,Female
RT_data_user_1674,139,66,Male
RT_data_user_1675,355,26,Female
RT_data_user_1676,357,59,Female
RT_data_user_1677,133,72,Female
RT_data_user_1678,298,16,Male
RT_data_user_1679,240,57,Male
RT_data_user_1680,274,63,Male
RT_data_user_1681,240,56,Female
RT_data_user_1682,113,10,Male
RT_data_user_1683,168,30,Male
RT_data_user_1684,128,46,Female
RT_data_user_1685,348,55,Female
RT_data_user_1686,117,29,Female
RT_data_user_1687,194,49,Male
RT_data_user_1688,359,26,Male
RT_data_user_1689,188,74,Male
RT_data_user_1690,329,14,Female
RT_data_user_1691,310,32,Female
RT_data_user_1692,377,74,Female
RT_data_user_1693,217,19,Male
RT_data_user_1694,330,39,Female
RT_data_user_1695,269,53,Female
RT_data_user_1696,124,48,Male
RT_data_user_1697,186,29,Male
RT_data_user_1698,136,48,Female
RT_data_user_1699,269,15,Male
RT_data_user_1700,389,48,Female
RT_data_user_1701,126,10,Female
RT_data_user_1702,138,61,Female
RT_data_user_1703,280,58,Female
RT_data_user_1704,218,61,Male
RT_data_user_1705,177,11,Male
RT_data_user_1706,144,13,Female
RT_data_user_1707,174,39,Female
RT_data_user_1708,325,32,Male
RT_data_user_1709,258,12,Female
RT_data_user_1710,380,14,Male
RT_data_user_1711,255,52,Male
RT_data_user_1712,292,13,Male
RT_data_user_1713,222,62,Male
RT_data_user_1714,353,74,Female
RT_data_user_1715,147,14,Female
RT_data_user_1716,109,27,Male
RT_data_user_1717,222,74,Male
RT_data_user_1718,374,63,Male
RT_data_user_1719,147,79,Female
RT_data_user_1720,222,55,Female
RT_data_user_1721,297,71,Female
RT_data_user_1722,266,39,Male
RT_data_user_1723,314,51,Male
RT_data_user_1724,252,51,Female
RT_data_user_1725,252,57,Male
RT_data_user_1726,259,46,Female
RT_data_user_1727,269,43,Male
RT_data_user_1728,261,60,Male
RT_data_user_1729,328,49,Female
RT_data_user_1730,295,22,Male
RT_data_user_1731,143,77,Male
RT_data_user_1732,143,54,Female
RT_data_user_1733,274,72,Male
RT_data_user_1734,116,64,Male
RT_data_user_1735,347,26,Male
RT_data_user_1736,111,61,Male
RT_data_user_1737,152,76,Male
RT_data_user_1738,293,62,Female
RT_data_user_1739,283,54,Female
RT_data_user_1740,195,64,Male
RT_data_user_1741,171,24,Male
RT_data_user_1742,361,58,Female
RT_data_user_1743,195,61,Female
RT_data_user_1744,134,28,Female
RT_data_user_1745,332,38,Female
RT_data_user_1746,233,77,Male
RT_data_user_1747,347,19,Male
RT_data_user_1748,270,31,Female
RT_data_user_1749,260,24,Female
RT_data_user_1750,109,31,Female
RT_data_user_1751,325,50,Male
RT_data_user_1752,227,76,Female
RT_data_user_1753,125,12,Female
RT_data_user_1754,130,79,Male
RT_data_user_1755,188,72,Female
RT_data_user_1756,367,75,Female
RT_data_user_1757,280,45,Male
RT_data_user_1758,172,14,Female
RT_data_user_1759,100,58,Male
RT_data_user_1760,145,24,Male
RT_data_user_1761,297,44,Female
RT_data_user_1762,399,41,Male
RT_data_user_1763,317,63,Male
RT_data_user_1764,116,73,Female
RT_data_user_1765,207,21,Female
RT_data_user_1766,177,22,Male
RT_data_user_1767,158,19,Female
RT_data_user_1768,139,51,Female
RT_data_user_1769,384,79,Female
RT_data_user_1770,256,73,Male
RT_data_user_1771,234,16,Female
RT_data_user_1772,312,41,Male
RT_data_user_1773,242,56,Female
RT_data_user_1774,128,33,Male
RT_data_user_1775,385,64,Male
RT_data_user_1776,298,64,Female
RT_data_user_1777,351,20,Male
RT_data_user_1778,188,19,Male
RT_data_user_1779,242,13,Female
RT_data_user_1780,157,19,Male
RT_data_user_1781,194,43,Male
RT_data_user_1782,221,37,Female
RT_data_user_1783,250,16,Male
RT_data_user_1784,199,13,Female
RT_data_user_1785,120,10,Female
RT_data_user_1786,164,12,Male
RT_data_user_1787,220,19,Female
RT_data_user_1788,370,57,Male
RT_data_user_1789,375,35,Female
RT_data_user_1790,284,28,Male
RT_data_user_1791,307,76,Male
RT_data_user_1792,118,29,Female
RT_data_user_1793,337,28,Female
RT_data_user_1794,221,43,Female
RT_data_user_1795,275,18,Female
RT_data_user_1796,275,13,Male
RT_data_user_1797,334,28,Female
RT_data_user_1798,277,40,Male
RT_data_user_1799,272,12,Male
RT_data_user_1800,284,42,Female
RT_data_user_1801,222,79,Male
RT_data_user_1802,240,34,Female
RT_data_user_1803,157,59,Male
RT_data_user_1804,331,55,Female
RT_data_user_1805,186,38,Male
RT_data_user_1806,155,76,Female
RT_data_user_1807,178,24,Male
RT_data_user_1808,108,66,Male
RT_data_user_1809,205,20,Female
RT_data_user_1810,236,38,Female
RT_data_user_1811,277,33,Male
RT_data_user_1812,394,71,Female
RT_data_user_1813,219,64,Male
RT_data_user_1814,273,10,Male
RT_data_user_1815,107,42,Female
RT_data_user_1816,373,11,Male
RT_data_user_1817,184,15,Male
RT_data_user_1818,118,28,Female
RT_data_user_1819,102,32,Male
RT_data_user_1820,286,53,Female
RT_data_user_1821,253,42,Male
RT_data_user_1822,157,68,Male
RT_data_user_1823,368,16,Male
RT_data_user_1824,373,79,Male
RT_data_user_1825,122,72,Female
RT_data_user_1826,116,54,Male
RT_data_user_1827,346,75,Male
RT_data_user_1828,280,12,Female
RT_data_user_1829,341,11,Male
RT_data_user_1830,206,36,Female
RT_data_user_1831,399,52,Female
RT_data_user_1832,284,26,Female
RT_data_user_1833,245,56,Female
RT_data_user_1834,342,16,Male
RT_data_user_1835,281,77,Male
RT_data_user_1836,174,11,Female
RT_data_user_1837,103,40,Female
RT_data_user_1838,388,10,Male
RT_data_user_1839,331,54,Female
RT_data_user_1840,348,29,Female
RT_data_user_1841,385,41,Male
RT_data_user_1842,396,24,Male
RT_data_user_1843,324,65,Male
RT_data_user_1844,378,32,Male
RT_data_user_1845,116,20,Male
RT_data_user_1846,345,32,Female
RT_data_user_1847,175,35,Female
RT_data_user_1848,105,72,Male
RT_data_user_1849,183,13,Male
RT_data_user_1850,231,49,Female
RT_data_user_1851,282,51,Female
RT_data_user_1852,157,69,Female
RT_data_user_1853,232,17,Female
RT_data_user_1854,348,79,Female
RT_data_user_1855,254,68,Female
RT_data_user_1856,211,67,Male
RT_data_user_1857,369,61,Male
RT_data_user_1858,124,21,Male
RT_data_user_1859,389,66,Female
RT_data_user_1860,222,30,Male
RT_data_user_1861,309,66,Male
RT_data_user_1862,385,55,Female
RT_data_user_1863,386,76,Female
RT_data_user_1864,351,33,Male
RT_data_user_1865,298,28,Male
RT_data_user_1866,206,14,Male
RT_data_user_1867,237,44,Male
RT_data_user_1868,353,21,Female
RT_data_user_1869,172,48,Female
RT_data_user_1870,109,78,Male
RT_data_user_1871,325,21,Female
RT_data_user_1872,183,27,Female
RT_data_user_1873,309,78,Female
RT_data_user_1874,377,28,Female
RT_data_user_1875,253,19,Female
RT_data_user_1876,244,23,Male
RT_data_user_1877,145,19,Female
RT_data_user_1878,336,79,Female
RT_data_user_1879,182,12,Female
RT_data_user_1880,379,76,Male
RT_data_user_1881,122,44,Female
RT_data_user_1882,169,78,Male
RT_data_user_1883,280,38,Male
RT_data_user_1884,365,67,Female
RT_data_user_1885,117,36,Male
RT_data_user_1886,244,50,Male
RT_data_user_1887,292,46,Male
RT_data_user_1888,142,30,Male
RT_data_user_1889,277,53,Male
RT_data_user_1890,273,27,Female
RT_data_user_1891,286,23,Male
RT_data_user_1892,344,67,Male
RT_data_user_1893,256,73,Female
RT_data_user_1894,295,15,Female
RT_data_user_1895,309,23,Male
RT_data_user_1896,393,32,Male
RT_data_user_1897,399,47,Female
RT_data_user_1898,248,55,Male
RT_data_user_1899,185,16,Female
RT_data_user_1900,272,25,Male
RT_data_user_1901,332,30,Male
RT_data_user_1902,182,56,Male
RT_data_user_1903,100,62,Female
RT_data_user_1904,201,63,Male
RT_data_user_1905,399,32,Female
